City,X,Y
1,33613.1588,86118.3061
2,33100.954,85529.6753
3,31571.8352,85250.4893
4,32070.4299,85687.7257
5,33290.3926,87198.053
6,33356.2217,86806.9333
7,32105.4238,86276.3547
8,32609.0206,86311.0828
9,33883.9885,86644.7135
10,32121.5366,87906.1227
11,32876.5165,87742.5105
12,34022.3194,86045.5285
13,31126.2925,85072.4294
14,31277.9473,86125.7796
15,34267.5937,86208.8669
16,33638.9941,86965.2734
17,33707.0527,87241.9462
18,32944.012,85953.8532
19,34178.984,85512.1818
20,33129.5681,88151.4166
21,31936.8156,87053.318
22,30702.9675,88078.8886
23,32490.969,87660.8407
24,32480.9714,85562.1727
25,34694.2587,88110.3182
26,33114.563,86879.1562
27,33348.722,86238.5859
28,33579.2704,86637.487
29,34026.2082,86326.0923
30,33737.886,87252.5024
31,34071.2081,85921.359
32,32052.9256,87570.8342
33,31886.2644,86115.7906
34,31385.7228,86383.0123
35,31759.0481,85889.1149
36,34230.6496,85638.0189
37,31221.0066,87121.3622
38,34830.3643,87485.3023
39,31968.2064,88146.6822
40,31141.5693,85151.3196
41,31175.7331,85360.2108
42,34992.0292,86846.9471
43,33801.4945,87116.9459
44,33905.1027,86962.5006
45,33882.0433,86524.7095
46,32239.5907,85657.7274
47,31511.8345,85545.2156
48,34620.9198,86165.5374
49,34802.8661,86971.6741
50,31023.7921,87493.8708
51,34360.6537,87995.0366
52,32434.0249,86654.7019
53,33343.1705,85478.0085
54,31621.548,86701.3606
55,31189.3444,85286.0437
56,33521.7717,86778.045
57,31837.93,86948.8708
58,30929.9052,88027.2209
59,31279.6139,86325.5085
60,33755.6599,87001.665
61,34895.6408,87571.4145
62,34262.3179,86612.7712
63,34163.7082,86659.7169
64,31163.7872,85635.4893
65,34189.266,86916.9483
66,31417.6722,85227.4324
67,34058.7093,85808.0229
68,33776.775,87301.1153
69,31815.1585,85843.0034
70,32299.5852,86196.3537
71,33361.2239,85715.7931
72,31467.9494,85118.8189
73,33716.2181,87158.6115
74,30424.9194,87879.4366
75,31192.1208,85420.7668
76,34738.701,87891.1457
77,31659.6042,88234.7338
78,31971.2631,87861.3968
79,31341.5568,86130.7808
80,31261.0051,85889.9382
81,34952.8584,85708.3041
82,30882.9628,87773.0474
83,33558.7173,86973.6057
84,30403.516,88248.522
85,34556.4818,86967.5079
86,33894.5496,87700.0188
87,31519.0565,85586.0493
88,31733.4888,87204.7083
89,33194.5672,88198.086
90,33931.2162,88020.3075
91,31256.2831,86584.6812
92,32125.9773,86656.0885
93,30603.8033,87852.4923
94,33647.611,87931.4109
95,32206.2524,87013.8759
96,34823.9786,86473.8788
97,32449.0275,88133.6339
98,30493.5286,88103.6099
99,34711.1945,85945.2556
100,31429.8882,87109.144
101,31173.2308,85793.2681
102,32558.747,87942.5161
103,33109.2894,87965.019
104,33753.9955,87157.2232
105,32306.8054,86817.7608
106,34639.8122,86429.1543
107,31487.386,87188.3141
108,33659.8332,87600.0098
109,31541.2791,85427.9922
110,31700.7123,86914.1457
111,34194.5444,86982.784
112,34933.1419,86819.7239
113,31628.2207,85681.8855
114,32053.4806,86343.5787
115,31229.0591,86232.4493
116,32711.2439,85182.1624
117,34190.9357,88147.2612
118,31068.5135,85433.8222
119,34194.2618,85694.9648
120,34245.0962,86646.6614
121,31009.3468,85744.3772
122,33948.1567,86859.9989
123,34451.7574,86402.7638
124,34791.7549,87054.4551
125,34930.9181,87646.1377
126,31387.3937,85408.2681
127,31730.7135,88197.5111
128,31264.0579,86223.283
129,34363.4232,85609.9634
130,32734.5767,85133.8277
131,33630.6607,86946.6618
132,33931.2115,86794.1636
133,34081.4863,86591.1027
134,33946.7654,86585.8235
135,34126.4856,86542.7678
136,31984.877,85716.8917
137,33820.6623,87906.4128
138,32594.0245,88115.578
139,34200.6503,86166.3655
140,33877.3274,87822.5225
141,33853.995,87182.7818
142,33643.1675,87510.0061
143,32755.9654,88028.9072
144,31778.4899,88331.129
145,31725.4334,86705.8078
146,33263.7246,86335.5323
147,33542.6068,87007.2173
148,32500.4124,86571.9223
149,32306.5342,85441.6119
150,32619.5797,88304.197
151,33752.0454,86703.8799
152,31901.8184,86242.1847
153,32050.4236,86795.5363
154,32429.025,86946.6546
155,31496.5526,87119.1458
156,32399.5828,86040.2387
157,32399.0269,86184.6879
158,33994.5465,86970.0027
159,32516.5261,88091.9659
160,31959.0403,86129.9589
161,34094.5406,85971.9158
162,34670.3683,87244.1854
163,34025.3797,87758.3574
164,31262.6708,86771.0749
165,31312.9461,86171.0596
166,34225.9295,86615.2711
167,31481.8306,86684.9677
168,33637.8825,86916.6612
169,34162.0404,86475.5431
170,34500.9267,86855.0033
171,33255.6719,87320.8336
172,34360.6453,85521.6276
173,34932.8648,86713.6094
174,31427.6721,85200.7652
175,34749.2568,86443.044
176,32602.0793,87931.1267
177,34602.8626,85830.5284
178,31468.4979,86900.5282
179,33392.6155,87753.3462
180,31668.4909,86670.5278
181,34028.7133,87007.5043
182,33699.55,87047.776
183,34943.6904,85632.19
184,32520.9689,85863.5692
185,32946.2361,85401.8929
186,33257.0623,87752.7902
187,33416.5011,87258.3323
188,31217.9545,88390.57
189,33344.8364,87298.6109
190,34518.7046,86938.6179
191,33979.5426,85951.637
192,31553.4949,87160.2592
193,34450.9303,88022.8164
194,34569.2596,87140.0148
195,32316.8056,87101.3793
196,33354.833,86826.1004
197,34870.6418,87144.4583
198,33426.4967,86431.6473
199,31890.4283,87087.485
200,32050.1467,86544.9739
201,32225.4227,87793.0658
202,31155.1748,88009.9997
203,31990.9813,87290.5456
204,33795.9411,87271.6709
205,32800.4059,85653.5659
206,31923.4868,87981.1207
207,32892.6248,86846.6546
208,33836.4933,87055.2789
209,32204.8652,86303.5784
210,31026.292,87411.9237
211,32323.4726,86455.8062
212,31497.1141,85311.8787
213,34773.1456,86792.7781
214,33645.6604,86933.6061
215,34128.9845,86120.2531
216,32087.0889,87034.1526
217,31343.224,87845.5522
218,34809.2498,85974.1462
219,31541.5519,88236.3999
220,32549.8569,85869.9585
221,31472.3869,87941.389
222,34947.8646,86695.8311
223,34872.3085,87064.7329
224,32580.4117,87683.8974
225,31299.0599,87022.4721
226,31879.6012,85833.0041
227,32184.5875,87469.443
228,32302.6416,86008.5694
229,31351.8343,86328.8432
230,34856.753,87214.7389
231,34705.6458,87753.0869
232,33863.9887,86654.4357
233,33851.4972,87446.6759
234,31778.7658,86367.4655
235,34038.1553,86810.8323
236,34321.2066,86723.0533
237,34089.5427,86724.7189
238,34955.6392,87448.3558
239,31788.4902,88030.0078
240,31815.987,86412.4676
241,34276.2094,86929.4497
242,32682.3521,86097.4659
243,34666.1946,85790.5282
244,33653.158,86647.7659
245,34565.093,87226.6849
246,31748.7649,87531.9378
247,31181.5634,85877.1592
248,31693.493,88440.3006
249,32239.8647,88188.6341
250,33817.329,87210.2814
251,31037.6794,88023.3324
252,31465.1653,88254.4557
253,32480.1376,85718.8431
254,33340.1108,86630.2625
255,34757.0342,87972.8143
256,32682.075,85906.3494
257,31729.6006,86336.9078
258,32293.7536,85924.4006
259,31807.6532,87232.2094
260,31597.1074,85913.5566
261,33678.9937,86968.0519
262,30763.7991,88074.7222
263,31782.1003,87844.1695
264,32209.033,88094.1857
265,30921.8505,88200.5598
266,32156.5383,85643.5592
267,31090.7338,88228.0622
268,31540.1611,87515.5464
269,34083.7078,86428.3186
270,34807.3116,86772.7774
271,33914.5508,87576.6817
272,32579.0219,86070.5198
273,30485.7508,87806.6569
274,31235.7293,85722.7118
275,31878.2162,85449.6627
276,34777.3105,87673.0846
277,32913.7387,87992.518
278,31407.1125,85894.1078
279,31608.5002,85429.9374
280,34938.6964,87771.4177
281,33978.1533,86015.8052
282,33740.1099,87418.0611
283,33593.7158,86857.2146
284,33159.0078,87340.834
285,33254.8366,86883.0455
286,32485.1379,88069.4649
287,33642.8814,85867.4659
288,33065.4037,88251.1431
289,30382.9771,88238.3363
290,31164.6193,85909.3821
291,31757.9353,88089.7308
292,32282.6476,85236.6056
293,34660.9244,87694.4746
294,33981.7697,87033.3373
295,31434.8881,86423.2925
296,32175.9754,86823.5932
297,33879.266,85919.1356
298,32032.9338,85383.2732
299,33467.6085,87031.1058
300,32411.5266,86146.6313
301,33831.2152,87028.3338
302,33279.2796,86345.5327
303,33327.6113,86359.1446
304,32647.9085,86369.6957
305,31560.1632,88419.1872
306,34283.1488,86187.4777
307,31831.5453,85949.673
308,33759.8291,87183.3349
309,33168.4522,85557.4543
310,33800.381,86942.2201
311,32155.9811,85842.1747
312,33708.4442,87469.4504
313,32855.6806,86122.4682
314,32292.922,85692.1733
315,32146.8198,85073.8206
316,31048.7933,85304.9326
317,34755.0895,86955.2847
318,30683.8013,88149.1685
319,30694.3566,88164.7246
320,33821.4894,86718.6038
321,34299.2624,86698.0523
322,34668.9794,87309.4649
323,33690.1097,87889.1877
324,33035.3989,85822.7391
325,34802.032,87178.3489
326,32087.9265,87910.289
327,32456.8081,85189.6611
328,32817.9083,88054.1868
329,32294.5899,85477.4461
330,33813.1594,86994.4438
331,33913.1618,88080.5871
332,30706.3007,88106.1117
333,33728.4348,86731.6582
334,34102.0403,86009.9724
335,32428.1952,88376.4211
336,34174.8208,86843.6124
337,31713.7695,88296.9594
338,33174.0113,88107.5261
339,32018.4837,86080.791
340,31397.6664,86156.8937
341,32831.238,85763.5692
342,31310.1719,85712.9908
343,33849.5444,86660.5469
344,31320.4471,86004.387
345,31920.7064,86406.3574
346,33052.8992,85639.6783
347,32327.6432,85669.6732
348,30607.6926,88255.2828
349,32350.9732,87641.9503
350,34605.9254,86983.3417
351,30400.7542,88148.8893
352,34170.1005,87605.8559
353,32517.6361,87836.402
354,34484.2628,87949.7595
355,34028.1608,88170.0368
356,34326.2018,85507.7381
357,32639.2977,86149.6894
358,33131.7869,85473.0072
359,31763.4884,87710.5544
360,31511.0008,85653.5497
361,33802.3269,87053.6114
362,30452.1417,88241.948
363,31000.4595,87036.0774
364,33223.7275,87165.5521
365,33948.1614,87566.6824
366,33151.2286,86873.045
367,33711.7729,87101.1105
368,33462.8858,86961.382
369,31647.6648,85673.8302
370,32438.4696,86449.6961
371,31223.2313,85390.4889
372,34326.203,86161.3667
373,34232.3163,86123.5868
374,34173.7065,86323.5926
375,32491.5274,88391.4221
376,32264.8668,85784.1194
377,31492.1084,86364.9582
378,33782.8821,87018.6103
379,32915.1252,85599.9541
380,34713.4241,86487.7669
381,31120.455,85671.6002
382,31845.1569,85896.0607
383,34610.9183,85916.92
384,31276.2797,86241.8949
385,34249.2643,86820.5569
386,32828.1849,85174.9407
387,31128.5084,86129.388
388,31093.2339,87062.7469
389,31665.7132,86696.6394
390,34809.5319,87649.4725
391,34002.5979,85968.582
392,34183.1536,86793.6109
393,33940.9314,86457.2078
394,31475.7245,85465.7698
395,33344.8388,87789.4586
396,32635.4093,86034.4079
397,31716.8319,85372.1595
398,32318.194,86775.2598
399,31665.4439,85375.2147
400,34073.7075,86155.8093
401,30763.5213,88126.946
402,31667.6646,85656.3304
403,31414.6108,86067.7243
404,30414.3646,87597.7615
405,33922.8835,87617.2389
406,34928.9743,86973.8959
407,34977.586,86723.6099
408,34064.8206,85609.9619
409,32152.9207,87071.9319
410,32538.7448,86314.9712
411,33256.2293,87792.2362
412,33808.4373,87010.5552
413,31215.7325,85276.8769
414,32155.4284,85496.6116
415,32734.8509,86618.0364
416,32690.4114,88126.1339
417,32762.0721,86101.9112
418,31289.6182,88387.2373
419,31969.315,87202.4875
420,33415.6743,88216.6992
421,31891.2717,85145.4876
422,33645.6587,85912.4671
423,31039.9013,85847.435
424,32840.6848,87887.5145
425,34332.3178,86758.888
426,31433.4994,86956.9176
427,33990.6543,85905.8026
428,32056.5386,87874.1765
429,34792.5827,85909.9775
430,31044.6244,85537.4334
431,34626.7509,85790.2497
432,32796.2413,85183.8297
433,31251.8384,86645.516
434,31168.2301,88064.1685
435,34803.1445,86876.9481
436,31563.7726,87076.6462
437,31419.3334,87005.2519
438,33378.7278,87885.5735
439,34581.4814,86972.508
440,34803.1447,86832.502
441,34255.3741,86688.0519
442,32804.849,86594.1473
443,31049.0678,86618.2881
444,32695.4075,86050.2424
445,34368.4295,86908.616
446,34246.2043,85493.2927
447,32078.2004,86891.9272
448,32459.8585,87593.8938
449,33145.6725,86405.8112
450,32480.6909,86409.9732
451,33579.2812,88141.6964
452,30483.2523,88293.0616
453,33642.0484,86855.8264
454,34642.5913,87140.5702
455,34784.2544,87393.9114
456,32489.5795,86351.6385
457,31032.1259,85411.0442
458,31440.7208,86303.2883
459,32248.752,87235.5483
460,33018.1788,85350.2251
461,34019.82,86550.5453
462,34918.1431,86681.3861
463,31301.8391,85625.2128
464,33644.2735,87092.4982
465,34536.7602,87485.3028
466,34769.8032,85694.4152
467,32450.4141,86261.0799
468,32149.3111,87523.0557
469,33945.1067,87503.3467
470,31978.7603,86430.8032
471,34661.4801,86582.7701
472,32109.59,86352.1904
473,33355.1117,87006.3823
474,34873.6901,85590.2443
475,34799.81,87677.251
476,32600.1325,86017.1849
477,30406.5868,87683.5974
478,34785.9209,87528.637
479,31862.3735,86842.7575
480,32437.0805,86598.0337
481,33161.2303,85538.8426
482,32648.1893,87883.3475
483,34086.2088,85461.9021
484,32243.2014,85709.673
485,31984.5929,86578.5856
486,32341.536,85021.5983
487,32997.8999,85826.9056
488,33422.6123,85555.2333
489,32086.5336,86829.9816
490,31594.6038,87408.8776
491,33529.272,86826.3796
492,31301.2839,88364.4588
493,30462.4189,88168.89
494,34033.9868,86587.2134
495,33801.2187,87663.3483
496,33613.1598,86836.6589
497,34563.4272,87842.2568
498,31714.5996,87411.3791
499,32989.8462,85288.5564
500,34059.8191,86433.8744
501,31403.4993,86206.6178
502,32537.0789,85974.6831
503,31342.6719,88407.7946
504,33730.9382,85433.8442
505,31817.9315,86311.075
506,34296.2028,85493.293
507,31788.4881,87727.2221
508,34088.4356,88012.2546
509,33618.4371,86801.6582
510,32006.8132,86966.928
511,33998.7084,86245.256
512,31083.2326,86106.8864
513,31406.8339,86484.1273
514,33148.45,86289.4192
515,32911.2351,86607.4817
516,34014.5436,86746.9414
517,33660.1033,86812.7702
518,31556.5503,86823.3063
519,31876.2633,86272.7411
520,32207.3646,87437.4979
521,34268.426,85556.9057
522,32868.1857,88305.0321
523,31032.9572,85863.8242
524,30888.5182,88270.2846
525,31296.5591,87735.549
526,34453.428,86928.0617
527,31637.1028,86741.9175
528,31877.0975,88321.4089
529,33516.4976,87146.664
530,32631.2445,87779.4559
531,34893.6969,87082.5113
532,34872.5886,86643.0512
533,32785.1305,85173.8293
534,33204.2828,86958.3248
535,33957.043,85932.4698
536,32128.7646,85176.8793
537,31664.6032,86171.3444
538,33750.9408,87218.0576
539,32721.7975,85507.7283
540,34259.8189,86753.3322
541,32563.7458,85781.0675
542,33643.7155,85785.7971
543,32573.4666,86013.2956
544,34115.9328,86863.6124
545,31279.6149,85993.5526
546,31336.8355,87425.8186
547,33320.1178,87902.7962
548,33649.275,87208.0559
549,31722.9352,86118.2882
550,31582.6597,87583.6039
551,31994.872,86201.0733
552,33457.6125,85320.7827
553,31007.9621,85211.5985
554,34528.6985,86253.3163
555,34354.2597,86436.6533
556,33926.2095,86508.3205
557,33620.6611,86971.3844
558,31577.1053,87130.8145
559,34670.9245,86843.6136
560,31829.5972,86617.7517
561,31779.5997,87760.0006
562,33325.9456,86936.1027
563,34703.4244,86550.5468
564,33960.937,87880.5817
565,30246.0361,87700.8193
566,34701.7558,86375.8201
567,34115.6568,87010.8391
568,34277.32,87828.6423
569,33060.3978,85933.0202
570,31074.8994,86166.3325
571,31406.562,85137.1526
572,34226.488,87621.4133
573,31402.3886,87331.3723
574,34453.1528,88061.4285
575,32284.0304,88277.2492
576,32527.9114,87286.3861
577,34142.3235,87988.6438
578,31643.7745,85808.277
579,32743.466,88269.196
580,34060.6545,86767.498
581,34534.8088,85993.5881
582,34787.8665,86954.729
583,32239.3139,85526.0578
584,31181.5628,88051.6681
585,32286.5322,85848.8433
586,33231.2267,85867.1859
587,31357.3901,86374.9559
588,31594.0492,87134.7038
589,33343.9995,86438.0357
590,32443.1913,87215.5502
591,34855.6441,86750.8323
592,32270.7034,85275.7733
593,34562.8707,87415.3011
594,33892.6003,86757.773
595,33577.8825,86831.1027
596,32625.687,86673.0373
597,34882.3042,85815.8081
598,32184.0315,86580.2533
599,34880.0865,86969.7293
600,32340.1384,87203.882
601,31351.284,85342.1559
602,31632.383,88336.6833
603,31360.7243,86469.6811
604,33167.3398,87067.2163
605,34485.3675,86380.2634
606,31913.485,86211.9059
607,31666.5482,86073.2852
608,34038.1528,86453.3194
609,34424.534,86262.204
610,33447.0522,86231.6421
611,30354.6444,88130.2777
612,34543.1495,87708.9202
613,32239.3069,86748.5917
614,31156.5648,85731.3225
615,34242.3167,86278.5909
616,33959.5437,86690.5497
617,32793.1828,86673.316
618,32259.5879,87900.2914
619,34639.258,87191.6834
620,33868.4403,87266.395
621,32892.3461,86153.3028
622,31572.9379,87426.0999
623,32194.0325,86244.6876
624,34537.0358,86534.7122
625,31911.8267,85148.8211
626,32025.9839,87876.9538
627,34327.0425,87926.4233
628,31082.6803,85372.9886
629,31937.3732,88302.2428
630,34332.3165,86560.269
631,34890.363,87538.6362
632,33838.7195,87422.5084
633,33824.5436,86478.3185
634,34724.25,85972.4787
635,32636.2421,86326.639
636,32222.3733,85005.2077
637,33988.4309,86420.2624
638,32269.8632,86357.1916
639,34201.2061,85729.4102
640,34200.9283,86296.9248
641,34827.3088,87435.0232
642,34055.9299,86183.5878
643,33259.0053,87340.2786
644,33827.8839,87740.0186
645,32834.5732,85229.6647
646,34312.317,86598.6038
647,33774.2717,87058.8886
648,34704.5355,86618.8826
649,34311.759,86167.4777
650,34234.2615,86343.038
651,32523.1895,86701.3707
652,33297.6123,86352.7553
653,31604.3267,86612.7469
654,31271.281,86094.6672
655,30506.8623,88233.8925
656,31782.3793,88455.5805
657,34034.5413,86145.2534
658,30670.4684,88158.0576
659,30622.6917,87911.9384
660,32644.8557,87851.6801
661,34890.9191,87663.6385
662,32886.2364,85811.6265
663,34397.8666,85577.4627
664,33831.2185,87277.5053
665,32386.8067,87898.0699
666,33130.6772,87846.9594
667,32126.2648,85072.1536
668,34297.8726,86556.1022
669,31786.5442,86164.1245
670,31504.8862,88247.2334
671,32705.4074,86002.1854
672,30326.5894,87531.0923
673,34033.4314,86616.659
674,32835.9607,85586.0643
675,33901.7737,87551.9582
676,31060.7351,87127.4705
677,34156.2063,85951.0823
678,32979.8441,86033.578
679,33587.0574,87984.4675
680,32619.0212,85948.5721
681,34102.5972,85534.4042
682,32937.0672,86109.1353
683,33945.0988,85918.0249
684,31282.6718,85825.4924
685,33679.5499,87030.5532
686,34862.8637,87537.5253
687,34826.7543,87763.3635
688,34905.3627,87383.0768
689,31299.063,85344.3778
690,31402.6711,85414.3794
691,34190.3727,85456.9026
692,31640.1603,88259.4569
693,30815.4643,88158.0583
694,32378.4735,85862.7339
695,33372.8885,86920.8249
696,32468.1977,85079.1016
697,34872.3079,87559.4701
698,34811.4763,87618.6386
699,34789.5323,87616.6944
700,32121.2569,87566.6681
701,32028.7593,88328.3577
702,34318.148,86240.2573
703,34690.9189,86124.7038
704,32016.5399,87958.3444
705,33370.9509,87992.2442
706,34272.8716,86284.147
707,30497.9733,88170.0013
708,34232.3159,85531.0715
709,31657.6665,85269.1013
710,34725.0896,87072.7895
711,34389.818,86911.6719
712,31336.5577,87185.5331
713,34990.6391,87153.3469
714,34752.03,86162.2051
715,32129.589,86485.8058
716,31409.8926,85467.4358
717,33582.6044,86805.5466
718,33040.9578,88020.2983
719,34969.2501,87371.1316
720,32581.2455,85749.1225
721,33563.9929,86654.7094
722,34347.5966,87765.0308
723,32711.7957,86389.1412
724,30412.9759,87436.9228
725,31758.22,85469.3844
726,33833.4346,86801.3841
727,32168.7554,88282.5251
728,31257.1162,87708.6035
729,34281.4815,85673.2979
730,32846.7953,85209.942
731,33500.9433,87248.61
732,32150.4229,88177.7985
733,34067.0409,86133.031
734,33688.7161,86998.0528
735,32787.6312,88028.9075
736,32604.3008,85593.2854
737,31329.6135,86648.8515
738,32583.1897,87736.6769
739,33907.5992,86615.2685
740,31985.9821,86490.5275
741,33572.8815,86601.0971
742,32879.0138,86660.8162
743,31297.6707,87087.7517
744,34544.5376,86996.398
745,34250.6539,86886.1147
746,34322.8691,85642.7418
747,31581.551,88300.0143
748,31783.4963,85555.7751
749,31116.0136,85273.8214
750,33324.5569,86982.2148
751,31840.7077,87545.2737
752,31167.3956,86142.7226
753,33308.7247,87075.2724
754,33767.8777,85936.3575
755,33088.4533,87147.496
756,31965.7145,85214.9343
757,31716.5455,86263.8492
758,31542.6623,86986.0877
759,33619.8253,86706.6559
760,34430.6492,86705.2748
761,31468.2243,85562.9929
762,32040.428,86031.6227
763,34520.0868,86000.2548
764,34171.7623,85789.9672
765,31035.7372,85393.2663
766,30515.7499,87917.4931
767,31932.6508,86294.1315
768,30399.6424,87776.1001
769,31024.9032,87454.7029
770,32186.5341,86040.5135
771,34862.3089,87728.64
772,32057.094,87814.1751
773,33880.0984,86009.9711
774,31492.9456,85695.7718
775,30461.0293,87799.1566
776,34743.6938,85920.5331
777,34367.313,86167.4786
778,32439.0296,85364.1111
779,34538.7047,87283.3533
780,30836.8527,88184.4479
781,33577.8859,87148.8871
782,33203.4492,86861.656
783,31542.384,86714.97
784,31844.6003,85961.0623
785,33817.8858,87325.2837
786,31166.8422,87526.3747
787,32298.4737,87540.2797
788,34176.7623,86401.929
789,32154.875,85094.3768
790,33380.952,88141.6955
791,31606.8274,87895.5565
792,34286.204,86127.7542
793,31830.9858,87093.8737
794,34363.7045,86510.2669
795,33669.5503,87045.831
796,31917.9315,86005.509
797,31379.8894,87428.3194
798,33136.5136,88297.5341
799,34785.9237,86536.1023
800,34851.4782,86572.2154
801,31493.7742,87374.4308
802,31507.107,87388.3203
803,33496.7771,85541.0666
804,31813.4871,86463.5805
805,32077.0977,85522.1667
806,30370.477,87610.8172
807,32099.5897,87367.4944
808,33563.4478,88081.4159
809,31634.0496,88313.3487
810,32527.0818,88335.8644
811,33048.7315,86759.4307
812,32951.7897,86645.2607
813,33537.3284,86940.5491
814,32077.9224,86993.5961
815,32241.5312,88271.693
816,34036.4859,86004.4163
817,32512.0848,85090.769
818,31825.4369,85778.5574
819,31734.8782,86394.688
820,32550.9698,88106.9665
821,32825.1282,85444.1158
822,34628.425,86880.2819
823,33333.723,86916.6579
824,34472.0365,86569.7136
825,33957.3201,86039.4168
826,32933.7338,86345.8083
827,33748.1576,86808.6048
828,33869.8295,88102.8093
829,34118.708,85622.1846
830,34597.3145,87014.4541
831,31971.2682,85524.6654
832,32060.9803,86365.2461
833,34142.3179,86289.4244
834,33769.2744,87241.114
835,32362.6393,86101.9068
836,32399.3049,86106.9075
837,32289.8616,87052.4889
838,31578.494,86848.0298
839,33670.9369,86856.1047
840,34935.0847,87140.2912
841,32093.758,88163.0745
842,34254.8193,86784.7222
843,32060.1458,86701.3673
844,34088.7087,86617.2148
845,34541.4827,87653.6408
846,34147.0397,86130.5312
847,31064.6228,88025.555
848,32670.9636,86717.4832
849,34698.7016,86956.9515
850,32250.4214,87949.7371
851,32112.9257,87988.0691
852,31315.4506,85454.1013
853,34596.2032,87428.3569
854,33959.8211,86639.4367
855,31987.9272,88336.6906
856,30732.1333,88100.2784
857,34388.7033,86424.7085
858,32811.7961,85244.665
859,32579.8554,85984.1283
860,32469.3027,86161.9103
861,31552.9426,85867.7211
862,33359.2769,86737.2095
863,33980.6587,87818.358
864,34205.0965,86641.1053
865,32839.8507,87736.3992
866,31335.1716,85605.2133
867,33545.3906,87801.4047
868,32008.2068,87901.9541
869,34757.3106,87559.749
870,34351.4856,87784.198
871,34347.3191,87806.9762
872,34203.9842,86384.7062
873,32556.5221,86319.1382
874,34279.2641,86855.5582
875,34131.4864,86681.9397
876,33533.9939,86799.1568
877,30317.9784,87706.3754
878,32546.2457,87677.5082
879,33191.7822,86299.4197
880,33454.8324,87153.6081
881,34918.6975,86855.8363
882,34478.1502,86995.0091
883,32897.6272,87764.7333
884,33715.1058,87076.1101
885,34820.9215,86911.9494
886,34827.5873,87085.2896
887,33031.5099,86763.5974
888,34165.0955,85486.9032
889,34373.9838,86762.2215
890,33783.4324,86002.4703
891,34410.931,88036.7051
892,33938.7091,86061.9173
893,31872.3754,88306.1302
894,32239.0292,86872.7616
895,34413.9817,86528.0454
896,34810.9206,87250.2962
897,31975.9878,85784.9487
898,30294.3681,87573.5935
899,31299.8925,87548.5997
900,33484.0046,87977.7995
901,30247.7031,87839.7131
902,31971.5384,86388.8573
903,32950.6839,88268.9206
904,31154.0687,85175.4867
905,30643.2468,87912.2164
906,32482.6351,86505.8092
907,31786.5436,86228.2936
908,33306.5035,87222.498
909,33628.7142,86745.8236
910,32613.4689,88346.6986
911,31116.0107,87097.7484
912,34063.9907,87866.9723
913,33733.4434,87570.0096
914,31258.7872,85226.043
915,33285.6687,86809.9885
916,32207.0888,88056.1287
917,30873.2404,88047.4993
918,33006.5121,85465.5064
919,30340.7558,87504.9805
920,33021.2327,85801.3495
921,31848.7645,86207.7382
922,34971.7513,86946.1171
923,34806.1984,87555.304
924,34133.1544,86817.2223
925,34350.9299,87706.418
926,31161.0134,85107.4299
927,33347.6115,86929.9916
928,32357.6408,87871.68
929,30833.5198,87741.1018
930,34033.1549,85707.7424
931,32716.2433,85251.8869
932,34857.0305,87360.021
933,31475.72,86186.3404
934,32583.7436,86465.5311
935,34865.3635,87469.1905
936,31057.4012,88111.6689
937,33537.6045,86681.6541
938,34855.0873,86933.6169
939,32755.9626,85655.2324
940,32175.6993,86367.4691
941,34680.9168,85847.7523
942,31367.3931,85612.9916
943,34114.2639,85727.4654
944,34268.983,86338.5935
945,31063.2351,87491.0937
946,31744.8867,85233.5453
947,31304.3416,85229.6543
948,31664.6039,86054.3956
949,34505.6503,87688.9198
950,34542.0398,88065.3178
951,34234.8193,86765.5548
952,32702.9074,86784.9854
953,34961.7545,86416.6569
954,31027.1252,87173.5825
955,32710.4081,85774.1241
956,32748.7395,86719.4282
957,34731.4782,87141.6812
958,34795.6435,87124.7357
959,34414.5339,86136.9231
960,33566.4966,87106.664
961,33623.1621,87054.7194
962,32431.2472,87108.0475
963,33908.4378,87099.4481
964,33613.7184,87112.4981
965,32464.0245,86459.6966
966,31452.9432,87966.1117
967,33722.0536,87333.8926
968,34021.2132,87784.7469
969,32193.4775,88353.3623
970,33672.0505,87066.6648
971,34279.8157,86258.3127
972,31026.8474,87724.9908
973,34752.5907,86736.3869
974,34785.6433,87314.187
975,31312.6694,87235.5341
976,34767.3103,87370.0219
977,34255.9281,86424.1525
978,34697.8686,87863.9231
979,31137.9543,87632.4888
980,34496.7617,87741.6992
981,33378.451,88015.3008
982,31122.9561,85452.7113
983,34749.2559,87038.6214
984,31246.0048,88098.8928
985,33816.7666,86600.8222
986,31409.0551,87239.1473
987,31262.6696,86161.8918
988,31732.9404,85727.7216
989,32128.7567,88327.8042
990,31726.2669,87126.0955
991,34333.9795,85547.7392
992,34762.0331,87120.8468
993,34039.2654,86713.607
994,31352.9468,86539.1273
995,34094.82,86667.7724
996,32244.0355,85594.115
997,34765.366,87286.6864
998,31081.8451,86888.8522
999,30553.8048,87711.9324
1000,32214.0326,88127.2425
1001,34532.5865,85950.2533
1002,34168.1518,86536.6566
1003,33346.2229,86978.0483
1004,34089.2628,86112.7527
1005,34455.0956,87784.7551
1006,33781.4942,87084.7226
1007,34595.9209,86274.984
1008,31597.6641,85834.6656
1009,32946.236,85425.227
1010,30260.758,87622.2059
1011,33990.6534,86513.3214
1012,31449.3318,86339.4009
1013,34860.3643,87671.9723
1014,31941.2601,87136.9306
1015,33483.7171,86794.1561
1016,30618.5255,87693.5991
1017,34215.6501,85683.8534
1018,32687.0758,85669.1212
1019,34072.0414,86502.2103
1020,33553.4373,86560.2626
1021,34507.8726,87728.6432
1022,34364.2604,86556.6577
1023,34769.8126,86480.8227
1024,31955.1547,85820.7826
1025,32323.472,86616.6442
1026,30503.5291,88254.1711
1027,34548.9823,87588.9168
1028,33698.7135,85839.6879
1029,32350.416,87262.2168
1030,32596.8028,85238.5527
1031,34938.9736,87114.7346
1032,32457.0826,87931.1267
1033,34242.8717,85768.578
1034,31705.4363,86036.3403
1035,31905.9896,85807.726
1036,31298.2254,86389.1217
1037,34252.8718,86192.7551
1038,31902.9293,86315.7984
1039,32089.0397,85762.7275
1040,32287.6393,86985.8206
1041,30853.241,88056.1106
1042,33547.0486,86579.7074
1043,31662.6569,87437.4902
1044,31661.5554,85206.5997
1045,31470.998,86393.2922
1046,33324.2816,87321.667
1047,34700.3674,87476.4138
1048,32183.7591,85704.672
1049,32056.2585,86303.0219
1050,31129.8979,86004.1063
1051,32395.1369,87008.3225
1052,32732.6285,86112.189
1053,30515.1954,87473.8692
1054,30654.0805,88303.0632
1055,31524.0526,86037.7253
1056,31630.9944,88391.4085
1057,33593.1617,87003.3291
1058,33405.3871,86871.9351
1059,33506.505,88094.1938
1060,32840.4067,85183.2744
1061,33110.396,86584.149
1062,33521.495,86905.2702
1063,33733.1575,85798.0205
1064,34719.8132,86662.4953
1065,31781.2721,85744.1116
1066,32117.0928,85942.1765
1067,33551.2189,87101.3859
1068,32394.8615,85916.902
1069,31570.169,85101.3186
1070,34260.9344,88127.2617
1071,32418.1932,87613.3386
1072,31282.1202,85197.1536
1073,33229.2817,86824.9885
1074,30545.4715,87751.6559
1075,34224.2637,86734.4424
1076,32104.5938,85870.7858
1077,34957.588,86518.6038
1078,31669.8801,87064.9818
1079,31557.6671,85545.4941
1080,34151.762,86149.6983
1081,34146.7627,85829.9682
1082,33455.6632,86138.0282
1083,31108.2335,85594.378
1084,34185.0946,86050.5294
1085,32540.1393,85098.5473
1086,30861.0187,88208.6155
1087,31235.1759,85325.4885
1088,34119.5406,86395.5398
1089,31525.7238,85436.0477
1090,32241.5309,86296.3562
1091,34473.1491,86798.612
1092,34001.7642,86045.2506
1093,34211.2104,87635.0245
1094,34742.3114,87703.6411
1095,31029.3477,85469.9333
1096,34350.092,86309.7045
1097,31820.1552,88329.1856
1098,31144.8974,85985.4949
1099,34915.9187,87041.3985
1100,32132.923,86269.9658
1101,31107.9556,87035.2463
1102,31947.096,88137.2369
1103,34194.5441,86956.3942
1104,34656.7577,87616.6951
1105,33735.9417,87270.5583
1106,33079.8443,85253.0002
1107,30742.689,87793.3252
1108,31674.8795,86825.2539
1109,31001.0159,85403.8219
1110,34990.6426,86571.3835
1111,30715.7453,87784.7137
1112,33448.718,86479.982
1113,34868.6933,85839.4199
1114,30993.7926,87858.0499
1115,32034.5924,86294.1326
1116,31388.2229,86418.0135
1117,33054.8446,85330.7802
1118,33808.4417,87587.5123
1119,33938.9883,86679.9934
1120,34796.4704,85741.9169
1121,30745.4663,88076.6667
1122,34204.54,86494.1552
1123,33301.2243,86983.3258
1124,34084.268,87699.1902
1125,31964.8729,87640.0017
1126,34319.2609,86513.8782
1127,33251.2251,86202.4731
1128,33515.6628,87014.9948
1129,31181.843,85468.267
1130,31451.2783,85871.3302
1131,34151.4844,85918.026
1132,34422.3175,86931.395
1133,30724.0789,88370.0114
1134,31888.7691,85704.1124
1135,31639.3291,85878.8344
1136,31712.6588,88056.3959
1137,34097.8754,85674.4083
1138,31623.2201,85768.5533
1139,31804.885,85163.8211
1140,34662.3129,87287.2421
1141,34624.8137,87344.1881
1142,33929.827,87678.6301
1143,31715.1652,85424.3829
1144,31776.5447,86128.5674
1145,32266.5312,87625.2826
1146,32185.147,85818.0079
1147,32204.5875,86283.8556
1148,34839.5309,87355.5766
1149,31362.1128,88248.6215
1150,32065.9787,87143.0433
1151,32712.351,86318.306
1152,31618.7713,87876.6673
1153,32955.6792,85760.5146
1154,32203.2004,88020.294
1155,34898.1432,86733.6098
1156,30718.8003,88090.8335
1157,31912.9297,88309.4648
1158,34744.8092,86251.6512
1159,33970.9364,87773.6343
1160,31406.5612,85256.5997
1161,34750.9176,86077.7591
1162,30421.864,87836.3798
1163,33244.8371,86955.5471
1164,32424.0286,85691.6195
1165,33662.6065,87086.9428
1166,32339.3048,86879.7072
1167,31520.4477,85191.3208
1168,32698.7415,85847.1813
1169,32988.181,87915.016
1170,30565.4726,88343.8978
1171,32982.6222,86680.8173
1172,34202.8739,86566.658
1173,34401.7589,86449.1538
1174,33002.9009,85522.7303
1175,34473.7035,86621.9379
1176,32144.316,85714.9495
1177,33005.3986,86359.1426
1178,34984.805,87506.6904
1179,33387.6113,87072.2172
1180,34467.3167,86940.5623
1181,33470.6617,86513.3163
1182,33166.2279,86761.9312
1183,31029.9023,87861.1057
1184,34994.5282,86988.8962
1185,32265.9821,85164.6583
1186,32549.8553,87270.5526
1187,32035.7048,87659.448
1188,34241.7649,86866.1139
1189,31828.4857,87321.6563
1190,34482.0394,87653.9185
1191,32397.6372,86528.309
1192,32674.8523,86450.8091
1193,31436.2772,88028.3358
1194,31540.717,87791.108
1195,31209.6176,87218.3092
1196,32586.7991,86209.1353
1197,34014.5417,86059.14
1198,33814.2682,86809.4394
1199,32311.8111,85553.2815
1200,32408.1926,86467.7519
1201,34918.1425,88064.203
1202,34328.1465,85573.851
1203,31260.4534,85273.2658
1204,31150.7299,86116.3325
1205,33088.1773,85339.3917
1206,34111.2099,86799.4437
1207,33490.3842,86865.8244
1208,33528.7173,86925.8263
1209,33649.2731,87068.6089
1210,33396.7769,86971.3818
1211,34238.7103,86959.1727
1212,33713.9935,86987.4973
1213,33824.8219,85909.9683
1214,34652.5909,87249.7412
1215,34793.4208,87378.0776
1216,32648.4641,86599.4241
1217,31768.497,85152.4318
1218,34240.3722,86244.4229
1219,34888.141,87327.2421
1220,34121.489,87732.2476
1221,34653.1464,87528.6373
1222,34171.7619,86242.7561
1223,34130.652,85506.6259
1224,31316.0019,86328.5648
1225,34286.7649,87875.8658
1226,31608.2171,85998.0036
1227,33905.376,86110.2519
1228,33703.4423,87301.9472
1229,31556.2802,85179.6539
1230,34803.143,87578.9157
1231,31159.9003,85344.3773
1232,31027.6797,86610.5097
1233,33321.5007,86196.9178
1234,32529.858,85772.7338
1235,33374.2812,85399.673
1236,34627.8654,86274.4286
1237,34080.9299,86393.5951
1238,31543.7741,88277.7907
1239,32486.2491,88296.4183
1240,34954.8066,87670.0267
1241,31087.1222,85774.3782
1242,31021.2908,85892.7136
1243,31006.0136,85914.3805
1244,31267.3968,85376.0445
1245,31241.841,85483.2673
1246,31202.3992,85321.3217
1247,31209.8987,85351.3219
1248,31132.6787,85375.4887
1249,31212.6759,85407.4334
1250,31217.6767,85300.766
1251,31273.2298,85396.3225
1252,31261.8406,85466.6008
1253,31219.3422,85428.8225
1254,31241.8431,85239.6543
1255,31222.3972,85474.9339
1256,31137.9561,85398.8221
1257,33795.9434,88206.9781
1258,33793.7186,87978.6369
1259,33854.273,87974.1935
1260,33572.893,88202.8102
1261,33736.7779,88202.2549
1262,33678.4456,88172.2536
1263,34755.0883,87458.9134
1264,34762.5899,88005.5928
1265,34755.6439,87485.303
1266,34685.6465,87803.9217
1267,34729.8115,87634.1952
1268,34677.8684,87658.6404
1269,34582.0369,87547.2489
1270,34680.6462,87697.2524
1271,34645.0918,87791.6994
1272,34626.4809,87744.4761
1273,34700.0899,87612.5281
1274,31400.1669,86878.8593
1275,31483.4972,86833.3047
1276,31365.4462,86945.527
1277,31338.225,86939.6928
1278,31362.9465,86987.1946
1279,31429.3324,86845.2481
1280,31439.0544,86880.527
1281,31363.2232,86788.8559
1282,31496.5526,87096.3673
1283,31454.3314,86788.8584
1284,32301.5361,85197.9933
1285,32388.1997,85172.1598
1286,31308.5039,86483.2913
1287,31283.5021,86194.9489
1288,31394.0562,86588.8518
1289,31429.336,85674.3816
1290,31700.7124,87723.8869
1291,31934.8745,87754.7267
1292,31555.718,87938.89
1293,31628.7702,87785.2761
1294,31089.0674,87522.2064
1295,30998.7931,87456.9247
1296,31134.8985,87289.4214
1297,31011.2926,87511.0934
1298,31131.2877,87366.6463
1299,31009.9038,87473.0366
1300,32396.5293,85741.6203
1301,32321.8076,88285.861
1302,30890.7404,87753.0469
1303,30627.9695,87793.0465
1304,31164.0641,87786.3827
1305,30285.4794,87743.043
1306,30791.2988,87770.8248
1307,34148.7096,86808.3332
1308,34065.3764,86738.886
1309,31546.5505,86781.9162
1310,31822.9304,86835.5347
1311,33879.2672,86768.8841
1312,33777.3226,86629.1559
1313,33817.3222,86627.7676
1314,34009.2642,86447.208
1315,33854.2668,86683.8811
1316,33997.3197,86408.0398
1317,34052.8747,86363.0383
1318,33808.9887,86568.5989
1319,33842.0471,86924.9983
1320,34207.5958,86536.6568
1321,33891.7677,86820.2746
1322,33883.4331,86683.3259
1323,32069.0389,85940.2314
1324,32060.1509,85868.0074
1325,31957.0997,85755.2255
1326,32104.595,85724.9491
1327,32081.5402,85738.838
1328,31513.7755,85975.2232
1329,31487.9423,86074.6702
1330,31482.9437,85919.3877
1331,33297.3432,88221.6988
1332,33294.5641,88075.5811
1333,33261.7871,88095.0263
1334,33012.627,88285.3107
1335,33490.951,88275.8686
1336,33475.9505,88170.0306
1337,33430.6713,87873.9066
1338,33276.5077,87937.2418
1339,33347.3423,88230.5884
1340,33127.9013,88120.0262
1341,33308.4526,88059.747
1342,32894.0131,86031.077
1343,31917.6496,86899.9815
1344,31679.8801,86506.6353
1345,33399.0028,85373.5614
1346,33324.0047,85395.2281
1347,33456.7787,85445.786
1348,33339.0047,85312.7258
1349,33257.0619,85416.6172
1350,34553.7043,87556.6936
1351,34402.8739,87665.3065
1352,34555.6494,87763.0883
1353,34316.7636,87730.5849
1354,32174.5869,86671.9225
1355,32153.755,86479.1391
1356,31769.599,87000.2605
1357,32819.0154,86631.9261
1358,34638.98,87470.858
1359,34523.9829,87236.6854
1360,34556.4821,87276.6865
1361,34571.7595,87370.2999
1362,34648.98,87210.573
1363,34672.3126,87329.7432
1364,34525.3717,87205.8508
1365,34216.7608,85526.3491
1366,34245.9269,85643.0191
1367,34152.8739,85774.9668
1368,34047.321,85459.6797
1369,34170.929,85677.742
1370,34136.2077,85672.7417
1371,34182.0398,85718.021
1372,34136.2077,85705.5205
1373,34138.9852,85590.7949
1374,34488.419,85521.3505
1375,34255.6486,85469.4032
1376,34262.593,85590.24
1377,34166.7623,85578.2947
1378,34163.1514,85631.9073
1379,34187.5951,85622.1849
1380,34205.65,85489.1258
1381,34212.0387,85576.3504
1382,32524.5787,86204.1346
1383,32509.3013,86349.9719
1384,32575.6884,86185.2455
1385,32497.9127,86331.3602
1386,32532.9117,86384.973
1387,32680.6854,86156.9122
1388,32520.6903,86065.2413
1389,32550.69,85916.9041
1390,32445.4141,86341.0821
1391,32495.413,86188.3004
1392,32444.0257,86141.076
1393,32722.3511,86076.91
1394,32521.5237,85998.017
1395,32564.022,86233.3025
1396,32534.8561,86233.3022
1397,32428.4699,86408.8616
1398,32518.1899,86374.6948
1399,32662.0745,86247.4704
1400,32957.0675,85878.0179
1401,32716.2409,85851.9038
1402,32736.2406,85788.0135
1403,32970.9559,85897.1852
1404,32940.124,85750.5142
1405,32896.7911,85973.0199
1406,32919.5681,85971.0756
1407,32926.5127,85909.1296
1408,32866.7923,85864.6833
1409,32900.1246,85882.4619
1410,32886.2361,85869.6836
1411,32844.0151,85859.6829
1412,32873.7364,85878.5726
1413,32704.0195,85758.0125
1414,32945.1233,85915.241
1415,32762.0737,85619.1204
1416,32745.1291,85807.4585
1417,32979.8444,85929.964
1418,32551.5236,85848.5691
1419,32961.2337,85979.4096
1420,32826.2375,85941.3517
1421,32512.6359,87793.9007
1422,32341.8079,87780.5662
1423,33526.7808,87900.5748
1424,33545.6681,87730.291
1425,33630.6664,87805.5728
1426,33734.2753,87908.3556
1427,33539.5571,87686.4003
1428,33691.7761,87836.1303
1429,33696.4985,87902.7994
1430,33847.8836,87823.6329
1431,33878.1611,87891.4136
1432,34815.643,87154.1813
1433,34834.8106,86831.9464
1434,34753.7015,86795.2782
1435,34780.9229,86832.7797
1436,34827.865,87136.6805
1437,34854.5311,87101.4012
1438,34729.2574,86806.9453
1439,34889.8095,86817.2238
1440,34628.425,86915.8389
1441,34633.4249,86951.3959
1442,34278.9862,87721.4173
1443,34168.7105,87800.8617
1444,34254.2644,87789.4743
1445,32543.1926,85370.7788
1446,32573.747,85409.1135
1447,32565.9693,85434.9475
1448,32647.3561,85357.1677
1449,32610.6906,85356.8897
1450,32633.7447,85484.9494
1451,32620.1346,85375.2237
1452,32650.4113,85410.7805
1453,32610.4125,85424.3918
1454,32571.5242,85537.1727
1455,32664.5774,85427.17
1456,32677.355,85390.5023
1457,32619.5788,85412.7249
1458,32586.246,85523.5613
1459,32541.803,85500.7827
1460,32639.0226,85429.3921
1461,32597.6349,85454.115
1462,32632.0783,85449.9483
1463,32667.6333,85342.1673
1464,32564.5801,85488.2825
1465,32608.4675,85529.1172
1466,33138.4515,86979.1586
1467,33033.1772,87199.9972
1468,31929.8713,87023.5952
1469,32140.9777,87474.9984
1470,31975.9808,87035.5402
1471,31971.5365,86990.8171
1472,31993.7587,87206.9321
1473,31911.2614,87479.9955
1474,31241.8405,85630.4897
1475,31090.4597,85154.0975
1476,34909.8078,87024.1757
1477,32502.0859,85024.0998
1478,32435.6996,84997.1538
1479,32445.1435,85024.377
1480,33475.1165,88070.8592
1481,33303.7295,87949.4646
1482,31545.9964,88061.6715
1483,31566.8293,88323.6266
1484,31260.7317,88424.1826
1485,31472.3873,88153.3407
1486,31489.054,88368.0728
1487,32660.6882,87750.844
1488,32641.5219,87745.8439
1489,32559.8558,87548.6151
1490,34863.9683,85613.023
1491,34802.0251,85679.9702
1492,34813.9739,86115.2603
1493,34925.9148,85760.5285
1494,34570.0869,86171.0926
1495,34370.3745,86970.0073
1496,34449.2604,86758.8881
1497,34596.7589,86965.5633
1498,31771.8236,86008.2849
1499,31707.1027,86057.73
1500,31817.0998,86064.6766
1501,31745.4346,86103.8438
1502,31855.7105,86026.3423
1503,31885.9892,85884.3943
1504,31667.9374,86027.1725
1505,31859.0447,85946.3399
1506,31980.1497,88354.1913
1507,31891.819,88255.5724
1508,31796.8223,88237.5135
1509,32043.2035,88210.5749
1510,31699.3254,88265.2909
1511,31995.1493,88381.1375
1512,33114.0094,85500.7857
1513,33457.8901,85381.8954
1514,33386.225,85458.8415
1515,33392.058,85489.6757
1516,33465.9447,85517.7325
1517,33177.0642,85332.1697
1518,33135.12,85502.7303
1519,33301.5052,85425.5066
1520,33373.7254,85430.5073
1521,33454.0004,85549.9555
1522,33184.2856,85486.619
1523,33122.8983,85443.0062
1524,33234.0074,85341.3369
1525,33280.6726,85407.4504
1526,33471.5009,85348.2835
1527,33369.5576,85621.6238
1528,33353.4482,85429.3959
1529,33274.2835,85462.7298
1530,33135.6759,85418.561
1531,33327.06,85428.0069
1532,33362.8885,86861.9346
1533,33717.601,86591.6541
1534,33280.1143,87052.2161
1535,33602.881,86616.6534
1536,33662.6021,86595.2647
1537,33408.4433,86996.938
1538,33565.3858,87128.0533
1539,34018.7082,86268.0346
1540,34039.542,85926.9145
1541,34049.5411,86234.7002
1542,34038.9858,86294.9801
1543,33975.1,85790.2443
1544,34066.7632,86258.312
1545,34055.6522,86102.1968
1546,33968.9879,85884.6909
1547,34172.0392,85977.1941
1548,33863.9876,85984.6926
1549,33665.3807,85885.2444
1550,33936.2111,85813.3001
1551,33856.7662,85908.3018
1552,33765.3794,85770.7978
1553,33750.9342,85847.1885
1554,33652.3267,85751.3519
1555,33870.9332,85868.8566
1556,33690.3802,85864.4106
1557,33794.5448,85862.467
1558,33629.2716,85776.3523
1559,33846.4895,85809.6883
1560,33537.0496,86188.0302
1561,34804.2548,86998.6196
1562,34786.2009,86774.9997
1563,34798.1442,86943.8952
1564,34820.9211,86990.5637
1565,34780.0888,86980.8411
1566,34827.8647,87582.5266
1567,34837.0308,87517.5252
1568,34832.5867,87320.2979
1569,34873.6979,87797.8081
1570,34977.8613,87253.6286
1571,34948.1411,87868.9198
1572,34978.1387,87418.3549
1573,34891.7526,87685.0277
1574,34855.6421,87646.1386
1575,34927.0294,87669.4714
1576,33643.1663,87400.0038
1577,33637.6093,87281.9459
1578,33716.7769,87420.8385
1579,33632.609,87248.6119
1580,33663.9958,87119.7212
1581,33590.6653,87280.5564
1582,32353.4719,86415.5276
1583,32312.3619,86398.5822
1584,32248.1978,86218.0204
1585,32370.9726,86054.9609
1586,32309.5844,86344.6917
1587,32320.9738,86125.2404
1588,32347.9177,86074.1279
1589,32339.0285,86216.0771
1590,32367.3605,86399.4161
1591,32358.4725,86173.5759
1592,32240.4196,86346.6355
1593,32401.5266,86244.4121
1594,32378.4718,86194.4101
1595,32355.4164,86381.9155
1596,32294.0289,86468.3063
1597,32397.3599,86298.0248
1598,32437.081,86279.1359
1599,32075.7025,86258.8539
1600,32172.9217,86316.0786
1601,32343.1954,86129.9631
1602,32227.9198,86405.5261
1603,32247.0868,86182.7414
1604,32337.3612,86420.8053
1605,32395.9713,86208.8554
1606,32364.5829,86332.4698
1607,32346.8056,86369.6929
1608,32314.5841,86370.5259
1609,32112.6454,86402.7476
1610,31196.007,85924.9384
1611,30733.5221,88177.7809
1612,30648.8027,88277.7841
1613,30711.8561,88188.0588
1614,30951.2952,88339.4548
1615,30668.2462,88107.7781
1616,30894.6287,88123.335
1617,30721.8558,88139.4462
1618,30766.2992,88281.9515
1619,30582.1373,88101.3883
1620,30501.5861,88388.8994
1621,30798.7981,88121.3904
1622,30636.3028,88253.6161
1623,30983.5174,88406.9583
1624,30793.2432,88301.3971
1625,30711.8561,88247.2273
1626,30727.9667,88227.7824
1627,30995.4598,88237.5056
1628,30774.0766,88165.5584
1629,30700.1897,88200.8369
1630,30743.7996,88261.117
1631,30791.8539,88197.2261
1632,30857.1298,88146.6691
1633,30433.5309,88176.3902
1634,31027.9584,88193.3378
1635,31043.5131,88157.2258
1636,30773.2433,88086.9448
1637,30757.1325,88201.3928
1638,30597.4147,88108.3331
1639,30386.3103,88216.6691
1640,30755.7438,88159.7248
1641,30716.8561,88274.4509
1642,30471.0309,88356.9531
1643,30729.3556,88195.8369
1644,30779.3542,88229.1715
1645,30662.6908,88173.8914
1646,30780.7431,88147.2245
1647,31046.8464,88181.6711
1648,31067.9569,88234.4509
1649,30829.6305,88120.8348
1650,31018.236,88080.5563
1651,30596.8594,88175.0021
1652,30978.5153,88129.1688
1653,30841.8524,88070.8333
1654,33611.2141,86581.9304
1655,33813.9909,86849.9959
1656,33525.6653,87237.4991
1657,33613.9937,86890.2713
1658,33484.5529,87078.6068
1659,33617.6035,86767.7685
1660,33588.9945,86947.2166
1661,33384.8321,86850.8234
1662,33402.8894,87156.9412
1663,33568.1614,86937.7717
1664,33452.8896,87299.9999
1665,33349.5564,87024.9938
1666,32320.6947,87316.1068
1667,32329.305,86943.3199
1668,32214.031,87353.0511
1669,32113.1993,86992.7632
1670,32249.3078,87394.1638
1671,32202.6414,86997.2087
1672,32410.1365,86878.3191
1673,32404.3034,87051.1014
1674,33491.2176,86132.7504
1675,33580.1041,86186.9192
1676,33422.8862,86276.9208
1677,33568.4377,86174.9743
1678,33440.941,86311.3664
1679,33235.6699,86319.4205
1680,33599.548,86157.4739
1681,33565.1045,86199.1418
1682,33213.1705,86295.8086
1683,33277.6129,86431.0905
1684,33473.4401,86281.3659
1685,33139.8392,86384.4217
1686,33596.7704,86101.0833
1687,33689.5457,86193.8644
1688,33581.2152,86208.8643
1689,33425.9418,86182.4737
1690,33414.5531,86262.476
1691,33492.0509,86159.9735
1692,33392.8871,86314.4216
1693,33384.8319,86240.8084
1694,33276.7798,86229.1407
1695,33522.8834,86149.4177
1696,33239.5586,86283.3084
1697,33623.714,86024.97
1698,33513.9949,86057.7482
1699,33570.1044,86118.8615
1700,33266.7801,86241.6409
1701,33400.1094,86140.5279
1702,33463.163,86156.9176
1703,33452.8852,86286.6436
1704,34837.0316,87711.1401
1705,34829.8101,87870.0327
1706,34851.4753,87235.2954
1707,34836.4762,87732.8072
1708,34909.808,87743.6397
1709,34848.1429,87794.475
1710,32446.8025,87382.7765
1711,32269.8624,87181.9361
1712,34757.3108,87618.917
1713,34750.3667,87688.9185
1714,33207.3377,86759.987
1715,33317.612,86810.822
1716,33452.8849,86385.5352
1717,33280.669,86829.9889
1718,33077.8974,86816.6545
1719,33184.2831,86824.4328
1720,33379.2762,86747.2099
1721,33407.0529,86711.0981
1722,33227.8926,86682.7631
1723,33311.2233,86796.3773
1724,33329.2783,86821.3779
1725,33175.9503,86961.6583
1726,33209.0045,86820.8217
1727,33218.1709,86797.7657
1728,33232.0594,86853.8781
1729,34667.3131,86488.8778
1730,34806.4788,86617.2164
1731,34871.2,86590.2717
1732,34758.9797,86555.2694
1733,34777.3126,86640.2726
1734,34666.7578,86536.1016
1735,34730.6466,86711.1082
1736,34933.4199,86765.8332
1737,34729.2577,86532.4906
1738,34778.4234,86758.3323
1739,34758.9796,86669.4401
1740,34723.9799,86751.6653
1741,34598.7025,86579.7142
1742,34687.0355,86562.4916
1743,34818.4233,86505.5462
1744,34815.0899,86576.9373
1745,34707.3132,86530.5461
1746,34942.5883,86495.8252
1747,31344.6176,85323.5446
1748,32611.2429,86591.0903
1749,32665.1304,86538.5892
1750,32447.0805,86429.9734
1751,32702.3517,86493.866
1752,32657.075,86454.9758
1753,32463.469,86439.4183
1754,32350.1386,86455.251
1755,32350.1393,86197.7433
1756,32361.8052,86362.7484
1757,32357.639,86232.4668
1758,32313.4729,86433.5833
1759,32366.8049,86439.9729
1760,31989.8734,86087.1798
1761,32350.139,86295.8019
1762,33166.2309,87631.1195
1763,33192.8962,87429.1697
1764,33275.1172,87601.119
1765,33286.2256,87118.8844
1766,33235.6733,87493.8936
1767,33163.4525,87427.5029
1768,33197.8968,87610.8413
1769,33313.7276,87561.6733
1770,33520.1132,87613.8973
1771,33379.2822,87600.0077
1772,33222.34,87445.0035
1773,33152.0646,87615.0079
1774,33368.7268,87590.563
1775,33371.2267,87562.7843
1776,33270.3948,87493.338
1777,33293.4501,87543.895
1778,33400.1152,87567.2288
1779,33316.7832,87601.3967
1780,33260.9507,87589.452
1781,33404.2818,87611.1192
1782,33130.6759,87481.6709
1783,33350.1162,87747.2348
1784,33441.7812,87569.4509
1785,33072.9003,87698.6208
1786,33260.3928,87079.9945
1787,33127.6205,87518.6162
1788,33247.8949,87446.1146
1789,33250.3951,87508.3385
1790,34748.6937,85899.977
1791,34721.4721,85932.4776
1792,34662.0288,85972.7557
1793,34635.363,86024.979
1794,34597.0303,86057.4792
1795,34610.6412,86028.8676
1796,34599.2523,86004.9781
1797,34586.7525,86013.0337
1798,34567.8645,86126.9249
1799,34555.0866,86074.4235
1800,34530.0869,86091.3682
1801,34546.7535,86106.9242
1802,34763.9774,87173.6267
1803,34771.4772,87194.7386
1804,34820.6427,87231.962
1805,34490.9234,86417.2087
1806,34437.0335,86216.6476
1807,34368.7021,86252.2028
1808,34360.0921,86348.5948
1809,34322.5926,86302.2039
1810,34314.8155,86376.9287
1811,34476.2,86309.1505
1812,34445.923,86317.2059
1813,34413.9796,86338.0395
1814,34482.0322,86220.8151
1815,34491.1987,86196.0924
1816,34508.9762,86179.4255
1817,34129.2624,86240.256
1818,34019.543,85869.9686
1819,33982.0419,86266.09
1820,34105.6516,86258.3121
1821,34104.2626,86099.9747
1822,34176.2062,86198.5884
1823,34091.7628,85993.0275
1824,34008.4309,85988.8603
1825,34149.8174,86094.9747
1826,34032.0414,86091.6409
1827,34050.6526,85973.0268
1828,34177.8725,86030.2511
1829,34098.7072,86186.0879
1830,33995.9307,86323.5922
1831,34002.0428,85918.5808
1832,33927.8764,85947.1921
1833,34001.4863,86127.1972
1834,34113.9847,86156.9205
1835,33974.8198,86172.1983
1836,33988.9864,86108.3078
1837,33773.7119,85840.2441
1838,33796.7679,85787.4652
1839,33712.6005,86088.8614
1840,33890.3765,85963.0256
1841,33870.9344,85751.9092
1842,33750.9327,86044.138
1843,33311.2229,86587.4835
1844,34107.0407,86365.2608
1845,31115.4545,86486.0642
1846,32064.0405,85770.5052
1847,31318.2254,87120.8086
1848,32441.8028,87495.2792
1849,32454.3027,87520.8356
1850,32388.1933,87511.1126
1851,32532.0782,87440.2786
1852,31416.2811,85527.4364
1853,31419.0547,86167.7278
1854,31321.2806,88188.619
1855,34398.978,85672.1876
1856,34221.7608,86081.9191
1857,34695.6376,85669.4135
1858,34658.1386,85693.5805
1859,34397.5897,86016.3645
1860,34263.9821,85860.5251
1861,34296.759,85885.2483
1862,34287.5925,85994.14
1863,34427.0329,85728.5783
1864,34444.2547,85719.6893
1865,34446.755,85904.1396
1866,34726.1918,85616.6344
1867,34351.4798,86000.8078
1868,34462.3102,85952.7525
1869,34438.1444,86052.477
1870,34424.2556,85873.305
1871,34581.7507,85626.6327
1872,34635.084,85767.1936
1873,34714.2484,85680.8031
1874,34268.1488,86076.3638
1875,34479.8095,85856.6385
1876,34365.9237,85815.8026
1877,34208.7053,86045.5294
1878,34317.8696,85762.1895
1879,34573.4185,85775.2483
1880,34579.5282,85590.5204
1881,34459.2542,85711.6337
1882,34416.4781,85952.474
1883,34847.8575,85623.3012
1884,34292.5925,85787.7456
1885,34602.3063,85699.1353
1886,34315.9251,86029.419
1887,34312.8699,86077.4757
1888,34638.4168,85714.6919
1889,34483.1427,85820.5262
1890,34440.0884,85833.8595
1891,34286.4816,85749.4111
1892,34435.3657,85635.2424
1893,34494.2536,85847.7494
1894,34560.0842,85580.7976
1895,34234.5381,86016.9176
1896,34655.36,85600.5218
1897,34341.4802,86091.3653
1898,34587.8624,85726.0803
1899,34697.581,85580.2439
1900,34562.3077,85812.4715
1901,34649.5273,85663.0238
1902,34218.4274,85949.4159
1903,34729.2559,87604.1946
1904,32848.7374,87164.9961
1905,33007.3447,87282.4991
1906,33205.3951,85691.6251
1907,33257.3377,85749.4048
1908,34545.9261,86851.3919
1909,34333.4292,86800.834
1910,31600.1655,85718.8298
1911,34317.3195,86915.2828
1912,34656.758,86879.1707
1913,33344.8348,87086.6618
1914,34191.2109,87621.968
1915,33039.0099,86908.879
1916,32474.5795,86891.6536
1917,34833.4158,85872.7543
1918,31305.1699,87701.1037
1919,32942.6233,86680.5393
1920,34093.991,87063.0624
1921,31421.5586,85574.6589
1922,31427.9433,87341.3731
1923,34523.1491,86970.2859
1924,34782.8656,87346.1323
1925,32545.4112,86894.7097
1926,31433.4985,87401.375
1927,34947.3065,87194.1821
1928,31102.3998,85696.8778
1929,34143.9848,86378.8725
1930,32432.0861,85246.0519
1931,32395.6931,86395.5275
1932,32241.8146,85416.3327
1933,31220.1734,87461.9291
1934,31826.5412,87381.9355
1935,32706.7998,87995.2948
1936,32416.2501,88240.3044
1937,32828.4597,86786.6527
1938,34455.3732,87753.9211
1939,31509.0521,87894.4435
1940,32959.8451,86746.6522
1941,34088.9879,86796.6657
1942,32584.0214,86897.4878
1943,34718.1455,87001.6756
1944,31869.8807,85718.8346
1945,31109.0684,85370.4886
1946,33773.4352,86813.8832
1947,31216.0045,86171.0579
1948,32740.1287,85969.1293
1949,33334.0001,86298.8652
1950,34534.2584,86604.1596
1951,34334.819,86903.3379
1952,34390.9232,85978.3077
1953,34834.2549,87980.8687
1954,31965.7055,86284.4093
1955,34273.4262,86033.3073
1956,32140.4241,88080.0171
1957,32162.3666,86268.577
1958,33548.1597,86544.4288
1959,34179.8177,85761.3555
1960,34700.923,87528.9151
1961,31299.6162,85777.9914
1962,31825.7082,86701.3649
1963,34765.09,88039.2048
1964,32306.2535,87798.0665
1965,31926.8218,85864.1166
1966,34590.6483,87676.9745
1967,32584.3025,88187.2475
1968,34811.7537,87410.5783
1969,34935.641,86951.673
1970,33200.3936,86781.6541
1971,34068.7117,86916.1134
1972,34860.9202,87756.6962
1973,33806.2171,87143.891
1974,32423.7482,86226.3563
1975,34903.4209,86714.1648
1976,32135.7021,87668.0606
1977,31191.2845,88007.4999
1978,34722.3135,88103.3734
1979,31139.3439,85519.1005
1980,32328.4723,86511.0857
1981,32448.469,86921.0985
1982,34767.0345,88068.3721
1983,32953.4565,86829.9877
1984,33791.7673,86686.1023
1985,34018.4322,85834.9678
1986,34769.8119,86430.2662
1987,34116.4858,85459.68
1988,33139.2852,87089.1613
1989,31266.2818,88031.3903
1990,34397.5896,85894.6942
1991,31617.6615,88398.631
1992,31930.4297,88458.9178
1993,32346.8066,86094.4063
1994,30662.6907,88088.333
1995,31319.0612,85493.8239
1996,32725.4066,86483.8659
1997,33054.5664,85484.6738
1998,32382.9163,86174.1318
1999,30440.4749,88105.8323
2000,31538.2175,87278.0399